unique_id,OFFRTG,DEFRTG,NETRTG,EFG%,TS%,PACE,PIE
2101.001,132.7,84.7,48.1,61.4,66,106.61,76.5
10011.02,117.5333333,87.9,29.6,56.76666667,60,96.86666667,67.86666667
111.2,109.4,86.1,23.4,54.3,59.2,106.22,70.1
1101.02,122.925,99.825,23.1,60.75,65.025,104.815,63.55
2001.02,130.5,107.9,22.6,61.1,66.7,99.77,63.1
102.2,118.9,96.4,22.5,56.6,59.5,96.24,62.6
11001.2,113.6,95.2,18.4,51.8,57.1,95.58,64.6
200.111,104.2,86,18.2,59.4,63.6,100.34,66.9
10011.011,115.75,97.95,17.9,51.9,57.35,99.565,64.35
10011.2,114.6,96.8,17.7,54.1,57.8,93.67,59.2
0.221,109.5,92.2,17.3,54.5,61,99.11,62.8
11002.1,108.95,92.3,16.625,53.225,57.125,96.9,59.3
200.021,108.7,92.1,16.5,52.9,58.4,95.28,61.7
10011.101,121.3,105.4,15.9,57.85,60.35,96.115,58.7
20200.1,113.9,98.6,15.4,56.1,58.6,88.2,58.9
210.101,116.8,102.1,14.8,61.9,65.4,99.01,60.5
1001.021,112.7875,97.9875,14.8,56.825,59.1625,101.8275,57.8375
200.201,115.3,100.9,14.5,54.9,59.7,95.9,60.7
0.212,111.65,98.05,13.6,53.25,56.7,95.105,57.2
1000.112,113.2,99.8,13.4,53.5,57.7,99.95,60
11100.02,111.675,98.375,13.3,52.275,57.575,97.1775,58.475
10000.211,110.28,97.3,13.02,54.86,58.28,98.014,55.62
1011.011,113.6,100.7,12.9,53,57.9,99.89,60.1
11010.011,108.35,95.5,12.9,52.55,57.35,101.66,63
10110.11,117.05,104.5,12.55,56.05,61.55,101.735,56.4
100.202,112.1,99.9,12.2,49.65,55.05,94.88,56.85
20011.1,113.3,101.1,12.2,54.5,56.2,99.83,55.8
201.101,110.45,98.4,12.03333333,52.3,57.15,91.49166667,58.63333333
20001.2,108.4,97,11.4,51.5,54.5,91.94,57.3
10110.101,116.5166667,105.7333333,10.8,56.26666667,59.98333333,99.28833333,57.36666667
10200.011,100.35,89.65,10.75,43.45,48.25,97.15,55.85
12101,105.3,94.6,10.7,52.15,54.95,96.76,56.15
10301,106.5,95.9,10.6,53.8,56.1,97.77,55.8
10111.001,110.75,100.1666667,10.56666667,53.83333333,56.01666667,96.08166667,56.76666667
110.111,111.15,101,10.1,50.55,54.4,97.585,56.35
11.021,101.2,91.15,9.95,48.3,53,100.36,60.8
11001.101,111.95,101.99,9.94,53.71,57.13,95.678,55.16
20001.11,108.8,99.25,9.6,51.25,55.55,94.575,55.75
10100.03,115.7,106.6,9.1,55.7,58.4,95.09,55.1
10310,108.2,99.3,8.9,54.4,56.5,100.85,53.9
2001.011,106.45,97.75,8.65,50.7,54.4,97.81,54.6
211.001,109.6,101.15,8.475,50.95,54.225,98.2875,55.7
10.112,95.3,87,8.3,45.3,48.5,97.27,58
10210.001,108.22,99.92,8.3,53.96,56.54,96.156,56.18
20010.02,111.4,103.15,8.225,56.75,59.525,95.6225,54.825
2002.001,108.2,100.2,8,52.2,54.9,101.63,54.2
1101.101,112.1090909,104.2,7.9,53.25454545,57.43636364,96.27,54.77272727
1000.022,105.36,97.54,7.84,50.16,54.2,96.154,53.56
11200.001,107.6357143,99.95714286,7.692857143,53.15,56.47142857,94.55,54.25
1100.102,103.1,95.65,7.5,49,52.35,94.775,54.5
11001.011,102.75,95.43333333,7.333333333,50.06666667,53.53333333,93.765,56.15
10.121,113.1,105.8,7.3,56.2,59.7,100.24,52.9
12001.01,104.2,96.9875,7.2125,49.4,54.2,98.5575,54.05
100.031,105.9,98.75,7.15,52.95,55.15,88.755,52.15
10201.01,106.75,99.6,7.15,52.45,55.9,100.405,54.55
11000.12,119.35,112.25,7.1,58.85,62.15,99.8,53.6
11000.201,108.7333333,101.6333333,7.1,54.1,58.13333333,96.46666667,54.7
22100,109.3,102.3,7,51.8,56.2,95.74,54.1
11101.01,110.1705882,103.4176471,6.776470588,53.9,57.88823529,98.17764706,54.53529412
13000.01,109.5,102.725,6.775,50.175,55.55,98.9925,52.75
1001.111,108.1111111,101.7555556,6.366666667,51.47777778,55.21111111,98.31333333,54.61111111
210.011,111.1,104.95,6.15,56.15,58.6,99.47,52.75
12000.02,107.7333333,101.7333333,5.966666667,52.66666667,55.66666667,97.12666667,51.93333333
1002.011,111.0333333,105.1333333,5.866666667,55.5,58.4,95.37333333,52.8
21000.02,102.3,96.48,5.86,47.68,52.44,92.904,53.24
10200.2,114.15,108.35,5.8,52.5,57.6,100.895,53.25
10010.021,107.98,102.34,5.62,52.98,56.62,97.546,55.22
10111.1,110.4,104.9,5.55,53.25,57.25,95.585,51.2
11002.01,104.42,98.98,5.42,48.44,52.2,95.182,54.16
10001.21,111.81,106.7,5.15,54.01,58.44,100.73,52.44
12100.01,115.05,109.875,5.125,54.3,58.825,98.1325,50.275
1101.011,112.1047619,106.9809524,5.119047619,54.18095238,57.64761905,98.79380952,53.17619048
20100.2,102.7,97.76666667,4.933333333,50.06666667,53.96666667,97.16666667,52.73333333
1101.002,110.2,105.3,4.9,54.7,56.4,96.325,52.15
11001.11,111.3166667,106.7833333,4.541666667,54.2,58.49166667,98.66583333,52.91666667
10300.001,107.5,103,4.5,53.7,58,98.76,52.3
12002,115.6,111.1333333,4.466666667,56.2,59.26666667,93.26333333,54.63333333
11.111,106.58,102.32,4.26,52.06,57,98.844,55.46
1000.031,116,111.7,4.2,60.7,68.1,101.78,52.7
11100.11,112.65,108.65,4,48.3,56.85,106.195,55.9
11000.111,109.5588235,105.6,3.970588235,52.27058824,55.68235294,96.45176471,51.94117647
11.012,117.3,113.4,3.9,60.9,63.3,102.39,52.6
20000.12,105.7,102.2,3.6,53.2,56.8,92.84,51.9
21200,103.15,99.63333333,3.533333333,48.43333333,51.95,94.34666667,54.06666667
100.211,111.2,107.95,3.25,56.05,59.05,97.3125,52.15
11101.1,108.9333333,105.8833333,3.033333333,53.41666667,57.06666667,95.56833333,51.85
21101,106.85,104.1166667,2.733333333,50,54.08333333,95.98,52.65
10101.11,102.6714286,100.0571429,2.628571429,50.85714286,53.51428571,96.67285714,50.71428571
1201.001,108.74,106.23,2.54,50.81,55.27,95.565,52.1
12000.011,101.4333333,99.03333333,2.366666667,48.6,51.96666667,95.86333333,53
21100.01,105.6230769,103.4076923,2.215384615,50.01538462,54.14615385,94.03692308,53.01538462
21001.01,102.775,100.675,2.15,50.725,54.625,96.45,52.925
111.011,108.0636364,105.9818182,2.063636364,51.93636364,55.48181818,97.9,51.23636364
3001.01,111.1,109.1,2,51.4,58.9,107.06,50.7
112.001,102.12,100.12,1.98,49.64,52.86,97.59,51.88
10200.11,102,100.1,1.9,52.6,55.4,99.64,47.2
102.101,105.5666667,103.8333333,1.8,54.06666667,56.36666667,93.51,48.66666667
1000.121,106.02,104.28,1.76,52.68,55.64,96.836,51.46
1000.211,106.275,104.8,1.45,50.725,55.1,99.27,48.8
1100.111,104.02,102.56,1.44,50.22,54.46,94.164,49.92
1200.002,108.9,107.5,1.4,54.75,57.75,92.805,50.7
11200.01,98.8,97.4,1.4,49.3,52,98.61,49.7
1102.001,105.06,103.86,1.2,51.34,53.86,95.536,49.66
11001.02,103.56,102.34,1.2,52.9,56.76,97.772,51.42
110.021,106.2666667,105.1,1.166666667,53.1,56.33333333,99.14166667,51.06666667
101.111,99.84,98.86,1,47.52,51.3,96.02,51.64
111.101,104.6,103.775,0.8375,50.0875,53.3625,101.14,49.95
1100.021,109.2916667,108.4916667,0.808333333,52.20833333,55.5,97.72083333,50.28333333
10010.111,110.5,109.65,0.8,53.75,58.25,97.845,52
10101.2,108.5666667,107.8777778,0.677777778,50.16666667,53.64444444,96.16555556,49.62222222
11100.101,102,101.375,0.6125,48.2625,51.4625,95.575,49.325
1101.11,134,133.4,0.6,61.3,64.7,96.17,52.7
10102.1,95.7,95.15,0.6,45.85,51.05,97.43,51.55
11000.021,103.3166667,103.1666667,0.15,49.6,54.18333333,98.22,50.43333333
21000.2,99.4,99.4,0,48.9,50.5,98.93,50
111.002,104.55,104.6,-0.05,50,52.55,96.35,50.7
11000.21,121.2,121.2,-0.05,59.9,63.85,97.025,51.55
21001.1,109.5,109.5,-0.05,53.95,57.35,97.795,47.3
110.012,101.4,101.5666667,-0.15,48.98333333,52.43333333,97.815,50.18333333
1200.011,109,109.1833333,-0.166666667,50.15,55.76666667,99.35,48.83333333
1002.101,103.2,103.3,-0.2,51.5,53,94.23,47.1
2002.01,105.6,105.8,-0.2,53.1,57,99.75,48
10101.02,100.8,101.1,-0.3,49,52.9,93.56,52.3
21100.1,99.36,99.74,-0.36,48.02,51.44,95.298,50.72
10200.101,101.62,101.96,-0.37,50.44,53.95,93.155,50.39
10201.1,103.1666667,103.6,-0.433333333,49,53.56666667,96.11333333,49.16666667
210.002,99,99.4,-0.45,50.45,53.3,93.99,50.4
2101.01,111.5,112,-0.5,47.9,56.1,103.3,55.7
10100.111,103.0777778,103.6888889,-0.622222222,50.67777778,53.63333333,95.57666667,48.83333333
10.022,111.9,113.2,-1.3,54.5,56,95.81,50
11101.001,100.63,102.24,-1.62,47.51,50.84,96.286,48.22
10010.21,103.3,105.25,-1.9,50.95,55.2,99.715,47.25
11102,104.35,106.3,-1.9,51.85,54.6,100.1,50.8
10001.12,102.7666667,104.8666667,-2.066666667,48.63333333,53,97.08666667,48.36666667
10100.201,100.7636364,102.8727273,-2.1,48.55454545,52.31818182,97.82909091,49.35454545
10101.101,104.3,106.6,-2.2,54.3,55.5,98.45,47.5
101.201,102.1833333,104.5666667,-2.366666667,49.83333333,52.88333333,97.98,49.15
2.21,90.7,93.2,-2.5,48,50.8,97.47,48.3
1.211,106.3166667,109.1,-2.766666667,51.3,55.01666667,99.21333333,47.1
100.121,99.8,103,-3.22,47.68,51.74,97.586,47.98
11201,99.4,102.9,-3.5,47.5,51.7,100.89,50.6
20000.21,106.12,110.1,-3.96,50.68,54.3,98.292,48.16
11000.03,102.7,106.8,-4.1,51.4,54.9,93.42,46.9
10110.011,102.5533333,106.68,-4.14,51.09333333,53.99333333,97.64933333,48.24666667
11100.011,103.0387097,107.3548387,-4.309677419,49.39677419,52.73548387,96.49322581,47.5483871
101.21,103.4,107.75,-4.35,49,54.7,98.655,41.15
1200.101,99.5,104.3,-4.8,50.75,53.4,101.715,46.2
100.112,99.31666667,104.2666667,-4.95,47.96666667,51.33333333,96.44166667,46.95
10111.01,99.36666667,104.6333333,-5.266666667,49.06666667,52.34444444,98.51555556,46.97777778
21000.11,107.5142857,113.1285714,-5.6,51.85714286,55.1,95.19142857,48.3
10000.121,99.5,105.2333333,-5.766666667,47.7,50.6,95.76333333,47.6
10.211,108.55,114.4,-5.8,53.25,58.3,96.045,44.6
1110.002,106.85,112.75,-6,52.75,56,92.51,44.9
10010.201,108.9,114.9,-6.1,57.2,60.9,99.6,45.8
12100.001,88.7,94.8,-6.1,39.8,45.6,100.88,46.3
1.121,104,110.4,-6.4,48.7,53.8,101.54,46.9
1100.012,103.6888889,110.3777778,-6.677777778,50.97777778,54.21111111,97.23555556,47.36666667
12.101,102.525,109.175,-6.7,48.8,51.6,96.87,45.95
10100.21,100.4,107.2,-6.7,51.8,55.8,103.32,44.8
20100.11,101.15,107.925,-6.75,51.175,53.775,98.505,46.55
20110.01,100.22,107.01,-6.77,49.72,53.25,100.043,46.96
20.111,106.1,112.9,-6.8,47.6,53.4,101.01,45.9
101.3,92.5,99.6,-7.2,48.9,51.2,97.03,46.9
12100.1,94.9,102.4,-7.5,46,48.9,92.72,44
0.131,109.2,116.8,-7.6,56.4,58.3,95.41,45.6
1001.102,105.7,114.5,-8.8,56.4,57.7,97.07,45.3
11.102,97.66666667,106.7333333,-9.1,47.73333333,50.43333333,97.00666667,46.1
1001.012,101.2666667,111.6333333,-10.4,50.2,52.46666667,94.06666667,45.76666667
201.011,103.5,114.2,-10.7,52.3,56.8,95.42,45.4
1001.201,105.2,116.6,-11.4,51.7,56.4,95.17,43.7
10001.111,101.8,113.6,-11.8,51.9,54.4,95.94,47.3
20110.1,92.3,104.4,-12.1,47.4,50.9,97.825,43.15
1110.011,99.8,112.45,-12.7,48.85,52.1,102.75,43.4
10002.11,102,115.8,-13.85,50.35,54.9,94.73,44.15
1100.201,98,111.9,-14,44.8,49.9,104.12,45.6
2100.011,82.6,100.8,-18.2,41.5,43.5,91.57,34.9
200.012,82.6,104.4,-21.8,43.5,47,98.19,36
10000.22,101.4,124.7,-23.2,50,55,96.35,38.3
12001.1,86,111.2,-25.1,43.5,46,95.41,36.2
2000.012,87.4,112.9,-25.5,39.6,42.9,100.36,39.3
10002.2,89.1,121.3,-32.2,44.2,46.6,89.71,32.3